{
  "final_loss": 0.7007275581359863,
  "steps": 32,
  "final_reward_chosen": -0.0033527381718158724,
  "final_reward_rejected": 0.008928337506949902
}