{
  "final_loss": 0.694280481338501,
  "steps": 33,
  "final_reward_chosen": -0.0036783475428819657,
  "final_reward_rejected": -0.0023839440196752547
}